<odoo>
    <data noupdate="1">
        <record id="group_EU" model="res.groups">
            <field name="name">Muestras/Comercial Europa</field>
        </record>
        <record id="group_Asia" model="res.groups">
            <field name="name">Muestras/Comercial Asia</field>
        </record>
        <record id="group_USA" model="res.groups">
            <field name="name">Muestras/Comercial USA</field>
        </record>
        <record id="muestras_admin" model="res.groups">
            <field name="name">Muestras/Administrador</field>
        </record>
        <record id="muestras_disp" model="res.groups">
            <field name="name">Muestras/Productos Disponibles</field>
        </record>
        <record id="muestras_spoteu" model="res.groups">
            <field name="name">Muestras/Productos SPOT EU</field>
        </record>
        <record id="muestras_spotUSA" model="res.groups">
            <field name="name">Muestras/Inventario SPOT USA</field>
        </record>
    </data>
</odoo>
