<?xml version="1.0" encoding="utf-8"?>
<odoo>
    <data noupdate="1">
        <record id="muestras_price_TRM" model="muestras.price">
            <field name="name">USD/COP Exchange Rate</field>
            <!-- <field name="active" eval="True"/>
            <field name="company_id" ref="base.main_company"/> -->
        </record>
        <record id="muestras_price_precio_c" model="muestras.price">
            <field name="name">Coffee C Price</field>
            <!-- <field name="active" eval="True"/>
            <field name="company_id" ref="base.main_company"/> -->
        </record>
        <record id="muestras_price_eu_us" model="muestras.price">
            <field name="name">EUR/USD Exchange Rate</field>
            <!-- <field name="active" eval="True"/>
            <field name="company_id" ref="base.main_company"/> -->
        </record>
        <record id="muestras_price_ut_microlot" model="muestras.price">
            <field name="name">Utilidad Microlote</field>
            <field name="value">100</field>
            <!-- <field name="active" eval="True"/>
            <field name="company_id" ref="base.main_company"/> -->
        </record>
        <record id="muestras_price_ut_regional" model="muestras.price">
            <field name="name">Utilidad Regional</field>
            <field name="value">45</field>
            <!-- <field name="active" eval="True"/>
            <field name="company_id" ref="base.main_company"/> -->
        </record>
        <record id="muestras_price_costo_fob" model="muestras.price">
            <field name="name">FOB Cost</field>
            <field name="value">25</field>
            <!-- <field name="active" eval="True"/>
            <field name="company_id" ref="base.main_company"/> -->
        </record>
        <record id="muestras_price_load_kg" model="muestras.price">
            <field name="name">Coffee Load</field>
            <field name="value">125</field>
                
            <!-- <field name="active" eval="True"/>
            <field name="company_id" ref="base.main_company"/> -->
        </record>
        <record id="muestras_price_precio_carga_n2" model="muestras.price">
            <field name="name">Valor multiplicacion precio_carga</field>
            <field name="value">154.322</field>
            <!-- <field name="active" eval="True"/>
            <field name="company_id" ref="base.main_company"/> -->
        </record>
                <record id="muestras_price_kg_lb_convertion" model="muestras.price">
            <field name="name">Kilos en Libras</field>
            <field name="value">2.2046</field>
            <!-- <field name="active" eval="True"/>
            <field name="company_id" ref="base.main_company"/> -->
        </record>
    </data>
</odoo>